INSERT INTO `center` (`id`, `name`, `phone`, `address`) VALUES
	(1, 'N', '6546213', 'Tallinn'),
	(2, 'S', '7265423', 'Tartu'),
	(3, 'W', '3246521', 'Pärnu'),
	(4, 'E', '2232456', 'Narva');


INSERT INTO `brigade` (`id`, `centerID`, `name`, `phone`, `address`) VALUES
	(1, 1, 'Kose', '65421351', 'Vardja'),
	(2, 1, 'Kehra', '65432452', 'Kehra'),
	(3, 1, 'Loksa', '45612351', 'Loksa linn'),
	(4, 2, 'Puhja', '32146542', 'Puhja'),
	(5, 2, 'Nõo', '98736451', 'Nõo'),
	(6, 2, 'Tartu', '32486541', 'Tartu linn'),
	(7, 3, 'Pärnu', '75686541', 'Pärnu linn');

INSERT INTO `competence` (`id`, `symbol`, `name`) VALUES
	(5, 'PTP', 'päästetöö paadijuht'),
	(6, 'PP', 'pinnaltpäästja'),
	(7, 'NP', 'nööripäästja'),
	(9, 'VL', 'väikelaevajuht'),
	(10, 'VA', 'varingupääste'),
	(11, 'KS', 'keemiasukeldus'),
	(12, 'C', 'alarmsõiduk'),
	(13, 'VP', 'vabatahtliku päästja tase'),
	(14, 'CE', 'alarmsõiduki haagis'),
	(15, 'BR', 'Bronto koolitus'),
	(16, 'AR', 'autoredeli koolitus'),
	(17, 'MV', 'meeskonnavanema koolitus'),
	(18, 'OPa', 'alarmsõidukijuhi koolitus');

INSERT INTO `role` (`id`, `symbol`, `name`) VALUES
	(1, 'K', 'komandopealik'),
	(2, 'M', 'meeskonnavanem'),
	(3, 'P', 'päästja');

INSERT INTO `user` (`id`, `brigadeID`, `squadNumber`, `firstName`, `lastName`, `idCode`, `phone`, `email`, `address`, `username`, `password`) VALUES
	(1, 1, 1, 'Admin', 'Konto', '0', '0', '0', '0', 'admin', '$2a$10$iz1QiuSVUMFcXdx5Xs2mr.OdTZBuutK0GrKqWS8x2OhaDz8jKV5ei'),
	(343, 2, 1, 'Kalle', 'Komando-Päälik', '37489107498', '556423215', 'rescue1@rescue.ee', 'Kose, Vardja', NULL, NULL),
	(344, 2, 1, 'Jaan', 'Üksvanem', '36466131117', '556423216', 'rescue2@rescue.ee', 'Kose, Vardja', NULL, NULL),
	(345, 2, 2, 'Mati', 'Teinevanem', '36588493894', '556423217', 'rescue3@rescue.ee', 'Kose, Vardja', NULL, NULL),
	(346, 1, 1, 'Triinu', 'Kolmasvanem', '47595289222', '556423218', 'rescue1@rescue.ee', 'Kose, Vardja', NULL, NULL),
	(347, 1, 1, 'Reigo', 'Üksautojuht', '38448397018', '556423219', 'rescue2@rescue.ee', 'Kose, Vardja', NULL, NULL),
	(348, 1, 2, 'Hannes', 'Teineautojuht', '37608703562', '556423220', 'rescue3@rescue.ee', 'Kose, Vardja', NULL, NULL),
	(349, 1, 2, 'Mart', 'Kolmasautojuht', '38228492881', '556423221', 'rescue1@rescue.ee', 'Kose, Vardja', NULL, NULL),
	(350, 1, 2, 'Kalju', 'Tõrjuja', '37743729382', '556423222', 'rescue2@rescue.ee', 'Kose, Vardja', NULL, NULL),
	(351, 2, 1, 'Elmo', 'Neljasvanem', '38401215668', '556423223', 'rescue3@rescue.ee', 'Kose, Vardja', NULL, NULL),
	(352, 2, 2, 'Ilmar', 'Päästja', '38276638738', '556423224', 'rescue1@rescue.ee', 'Kose, Vardja', NULL, NULL),
	(353, 1, 2, 'Pärt', 'Tõrjuja', '37069966318', '556423225', 'rescue2@rescue.ee', 'Kose, Vardja', NULL, NULL),
	(354, 2, 2, 'Lembit', 'Päästja', '37958035052', '556423226', 'rescue3@rescue.ee', 'Kose, Vardja', NULL, NULL),
	(355, 1, 2, 'Kert', 'Viiesvanem', '37002986806', '556423227', 'rescue1@rescue.ee', 'Kose, Vardja', NULL, NULL),
	(356, 2, 1, 'Lihtpäästja', 'Üks', '36032346158', '556423228', 'rescue2@rescue.ee', 'Kose, Vardja', NULL, NULL),
	(357, 2, 2, 'Enrik', 'Neljasautojuht', '38412248118', '556423229', 'rescue3@rescue.ee', 'Kose, Vardja', NULL, NULL),
	(359, 2, 1, 'Lihtpäästja', 'Neli', '39002673540', '556423231', 'rescue2@rescue.ee', 'Kose, Vardja', NULL, NULL),
	(360, 2, 1, 'Lihtpäästja', 'Viis', '37035467201', '556423232', 'rescue3@rescue.ee', 'Kose, Vardja', NULL, NULL),
	(361, 2, 2, 'Rando', 'Kuuesvanem', '36873157852', '556423233', 'rescue1@rescue.ee', 'Kose, Vardja', NULL, NULL),
	(362, 1, 2, 'Tuletõrjuja', 'Üks', '37318898740', '556423234', 'rescue2@rescue.ee', 'Kose, Vardja', NULL, NULL),
	(363, 2, 2, 'Tuletõrjuja', 'Kaks', '37678951822', '556423235', 'rescue3@rescue.ee', 'Kose, Vardja', NULL, NULL),
	(364, 1, 1, 'Tuletõrjuja', 'Kolm', '36237418421', '556423236', 'rescue1@rescue.ee', 'Kose, Vardja', NULL, NULL),
	(365, 2, 1, 'Tuletõrjuja', 'Neli', '36565474159', '556423237', 'rescue2@rescue.ee', 'Kose, Vardja', NULL, NULL),
	(366, 2, 2, 'Tuletõrjuja', 'Viis', '36475464632', '556423238', 'rescue3@rescue.ee', 'Kose, Vardja', NULL, NULL);

INSERT INTO `workdays` (`id`, `m`, `1`, `2`, `3`, `4`, `5`, `6`, `7`, `8`, `9`, `10`, `11`, `12`, `13`, `14`, `15`, `16`, `17`, `18`, `19`, `20`, `21`, `22`, `23`, `24`, `25`, `26`, `27`, `28`, `29`, `30`, `31`) VALUES
	(343, 1, '24', '', '', '', '24', '', '', '', '24', '', '', '', '24', '', '', '', '24', '', '', '', '24', '', '', '', '24', '', '', '', '24', '', ''),
	(344, 1, '24', '', '', '24', '', '', '', '24', '', '', '24', '', '', '', '', '24', '', '', '', '24', '', '', '', '', '', '', '', '', '', '24', ''),
	(345, 1, 'P', 'P', 'P', 'P', '', '', '24', '', '', '', '24', '', '', '', '24', '', '', '', '24', '', '', '', '24', '', '', '', 'P', 'P', 'P', 'P', 'P'),
	(346, 1, '24', '', '', '', '24', '', '', '', '24', '', '', '', '24', '', '', '', '24', '', '', '', '24', '', '', '', '24', '', '', '', '', '', ''),
	(347, 1, 'P', 'P', 'P', 'P', '24', '', '', '', '24', '', '', '', '24', '', '', '', '24', '', '', '', '24', '', '', '', '24', '', '', '', '24', '', ''),
	(348, 1, '24', '', '', '', '24', '', '', '', '24', '', '', '', '24', '', '', '', '24', '', '', '', '24', '', '', '', '24', '', '', '', '24', '', ''),
	(349, 1, '', '24', '', '', '', '24', '', '', '', '24', '', '', '', '24', '', '', '', '24', '', '', '', '24', '', '', '', '24', '', '', '', '', ''),
	(350, 1, '8', '24', '', '', '', '24', '', '', '', '24', '', '', '', '', '', '', '', '24', '', '', '', '24', '', '', '', '24', '', '', '', '24', ''),
	(351, 1, '', '24', '', '', '', '24', '', '', '', '24', '', '', '', '24', '', '', '', '', '', '', '', '24', '', '', '', '24', '', '', '', '', ''),
	(352, 1, '', '24', '', '', '', '24', '', '', '', '24', '', '', '', '24', '', '', '', '24', '', '', '', '24', '', '', '', '24', '', '', '', '24', ''),
	(353, 1, '8', '', '', '24', '', '', '', '24', '', '', '', '', '', '24', '', '', '', '24', '', '', '', '', '', '', '', '', '', '', '24', '', ''),
	(354, 1, '', '', '24', '', '', '', '24', '', '', '', '', '', '', '', '24', '', '', '', '24', '', '', '', '24', '', '', '', '24', '', '', '', '16'),
	(355, 1, '', '', '24', '', '', '', '24', '', '', '', '24', '', '', '', '', '', '', '', '24', '', '', '', '24', '', '', '', '24', '', '', '', '16'),
	(356, 1, '', '', 'LP', '', '', '', '', '', '', '', '24', '', '', '', '24', '', '', '', '24', '', '', '', '24', '', '', '', 'LP', '', '', '', 'H'),
	(357, 1, 'H', 'H', 'H', 'H', 'H', 'H', 'E', 'E', 'E', 'E', 'E', 'E', 'E', 'E', 'E', 'E', 'E', 'E', 'E', 'E', 'E', 'E', 'E', 'E', 'E', 'E', 'E', 'E', 'E', 'E', 'E'),
	(358, 1, '', '', '24', '', '', '', '24', '', '', '', '24', '', '', '', '24', '', '', '', '24', '', '', '', '24', '', '', '', '24', '', '', '', '16'),
	(359, 1, '', '', '', '24', '', ' ', '', '24', '', '', '', '24', '', '', '', '24', '', '', '', '', '', '', '', '24', '', '', '', '24', '', '', ''),
	(360, 1, '8', '', '', '24', '', '', '', '24', '', '', '', '24', '', '', '', '', '', '', '', '24', '', '', '', '24', '', '', '', '24', '', '24', ''),
	(361, 1, '8', '', '', '24', '', '', 'E', 'E', 'E', 'E', 'E', 'E', 'E', 'E', 'E', 'E', 'E', 'E', 'E', 'E', 'E', 'E', 'E', 'E', 'E', 'E', 'E', 'E', 'E', 'E', 'E'),
	(362, 1, 'P', 'P', 'P', 'P', 'P', '', '', '', '', '', '', '24', '', '', '', '24', '', '', '', '24', '', '', '', '24', '', '', '', '', '', '', ''),
	(363, 1, '', '', '', '', '', '', '', '24', '', '', '', '24', '', '', '', '24', '', '', '', '24', '', '', '', '24', '', '', '', '24', '', '', ''),
	(343, 2, '8', '', '', '24', '', '', '', '24', '', '', '', '', '', '24', '', '', '', '24', '', '', '', '', '', '', '', '', '', '', '24', '', ''),
	(344, 2, '', '', '24', '', '', '', '24', '', '', '', '', '', '', '', '24', '', '', '', '24', '', '', '', '24', '', '', '', '24', '', '', '', ''),
	(345, 2, '', '', '24', '', '', '', '24', '', '', '', '24', '', '', '', '', '', '', '', '24', '', '', '', '24', '', '', '', '24', '', '', '', ''),
	(346, 2, '24', '', '', '', '24', '', '', '', '24', '', '', '', '24', '', '', '', '24', '', '', '', '24', '', '', '', '24', '', '', '', '', '', ''),
	(347, 2, 'P', 'P', 'P', 'P', '24', '', '', '', '24', '', '', '', '24', '', '', '', '24', '', '', '', '24', '', '', '', '24', '', '', '', '', '', ''),
	(348, 2, '24', '', '', '', '24', '', '', '', '24', '', '', '', '24', '', '', '', '24', '', '', '', '24', '', '', '', '24', '', '', '', '', '', ''),
	(349, 2, '', '24', '', '', '', '24', '', '', '', '24', '', '', '', '24', '', '', '', '24', '', '', '', '24', '', '', '', '24', '', '', '', '', ''),
	(350, 2, '8', '', '', '24', '', '', 'E', 'E', 'E', 'E', 'E', 'E', 'E', 'E', 'E', 'E', 'E', 'E', 'E', 'E', 'E', 'E', 'E', 'E', 'E', 'E', 'E', 'E', '24', '', ''),
	(351, 2, 'P', 'P', 'P', 'P', 'P', '', '', '', '', '', '', '24', '', '', '', '24', '', '', '', '24', '', '', '', '24', '', '', '', '', '', '', ''),
	(352, 2, '', '', '', '', '', '', '', '24', '', '', '', '24', '', '', '', '24', '', '', '', '24', '', '', '', '24', '', '', '', '24', '', '', ''),
	(353, 2, '8', '', '', '24', '', '', '', '24', '', '', '', '', '', '24', '', '', '', '24', '', '', '', '', '', '', '', '', '', '', '', '', ''),
	(354, 2, '', '', '24', '', '', '', '24', '', '', '', '', '', '', '', '24', '', '', '', '24', '', '', '', '24', '', '', '', '24', '', '', '', ''),
	(355, 2, '', '', '24', '', '', '', '24', '', '', '', '24', '', '', '', '', '', '', '', '24', '', '', '', '24', '', '', '', '24', '', '', '', ''),
	(356, 2, '', '', 'LP', '', '', '', '', '', '', '', '24', '', '', '', '24', '', '', '', '24', '', '', '', '24', '', '', '', 'LP', '', '', '', ''),
	(357, 2, 'H', 'H', 'H', 'H', 'H', 'H', 'E', 'E', 'E', 'E', 'E', 'E', 'E', 'E', 'E', 'E', 'E', 'E', 'E', 'E', 'E', 'E', 'E', 'E', 'E', 'E', 'E', 'E', '', '', ''),
	(358, 2, '', '', '24', '', '', '', '24', '', '', '', '24', '', '', '', '24', '', '', '', '24', '', '', '', '24', '', '', '', '24', '', '', '', ''),
	(359, 2, '', '', '', '24', '', ' ', '', '24', '', '', '', '24', '', '', '', '24', '', '', '', '', '', '', '', '24', '', '', '', '24', '24', '', ''),
	(360, 2, 'P', 'P', 'P', 'P', '24', '', '', '', '24', '', '', '', '24', '', '', '', '24', '', '', '', '24', '', '', '', '24', '', '', '', '24', '', ''),
	(361, 2, '24', '', '', '', '24', '', '', '', '24', '', '', '', '24', '', '', '', '24', '', '', '', '24', '', '', '', '24', '', '', '', '', '', ''),
	(362, 2, '', '24', '', '', '', '24', '', '', '', '24', '', '', '', '24', '', '', '', '24', '', '', '', '24', '', '', '', '24', '', '', '', '', ''),
	(363, 2, '', '', '', '', '', '', '', '24', '', '', '', '24', '', '', '', '24', '', '', '', '24', '', '', '', '24', '', '', '', '24', '', '', ''),
	(343, 3, '8', '', '', '24', '', '', '', '24', '', '', '', '', '', '24', '', '', '', '24', '', '', '', '', '', '', '', '', '', '', '', '', ''),
	(344, 3, '', '', '24', '', '', '', '24', '', '', '', '', '', '', '', '24', '', '', '', '24', '', '', '', '24', '', '', '', '24', '', '', '24', ''),
	(345, 3, '', '', '24', '', '', '', '24', '', '', '', '24', '', '', '', '', '', '', '', '24', '', '', '', '24', '', '', '', '24', '', '', '24', ''),
	(346, 3, '24', '', '', '', '24', '', '', '', '24', '', '', '', '24', '', '', '', '24', '', '', '', '24', '', '', '', '24', '', '', '', '', '', ''),
	(347, 3, 'P', 'P', 'P', 'P', '24', '', '', '', '24', '', '', '', '24', '', '', '', '24', '', '', '', '24', '', '', '', '24', '', '', '', '', '', ''),
	(348, 3, '24', '', '', '', '24', '', '', '', '24', '', '', '', '24', '', '', '', '24', '', '', '', '24', '', '', '', '24', '', '', '', '', '', ''),
	(349, 3, '', '24', '', '', '', '24', '', '', '', '24', '', '', '', '24', '', '', '', '24', '', '', '', '24', '', '', '', '24', '', '', '24', '', ''),
	(350, 3, '8', '', '', '24', '', '', 'E', 'E', 'E', 'E', 'E', 'E', 'E', 'E', 'E', 'E', 'E', 'E', 'E', 'E', 'E', 'E', 'E', 'E', 'E', 'E', 'E', 'E', 'E', 'E', 'E'),
	(351, 3, 'P', 'P', 'P', 'P', 'P', '', '', '', '', '', '', '24', '', '', '', '24', '', '', '', '24', '', '', '', '24', '', '', '', '', '', '', ''),
	(352, 3, '', '', '', '', '', '', '', '24', '', '', '', '24', '', '', '', '24', '', '', '', '24', '', '', '', '24', '', '', '', '24', '', '', '24'),
	(353, 3, '8', '', '', '24', '', '', '', '24', '', '', '', '', '', '24', '', '', '', '24', '', '', '', '', '', '', '', '', '', '', '', '', ''),
	(354, 3, '', '', '24', '', '', '', '24', '', '', '', '', '', '', '', '24', '', '', '', '24', '', '', '', '24', '', '', '', '24', '', '', '24', ''),
	(355, 3, '', '', '24', '', '', '', '24', '', '', '', '24', '', '', '', '', '', '', '', '24', '', '', '', '24', '', '', '', '24', '', '', '24', ''),
	(356, 3, '', '', 'LP', '', '', '', '', '', '', '', '24', '', '', '', '24', '', '', '', '24', '', '', '', '24', '', '', '', 'LP', '', '', 'LP', ''),
	(357, 3, 'H', 'H', 'H', 'H', 'H', 'H', 'E', 'E', 'E', 'E', 'E', 'E', 'E', 'E', 'E', 'E', 'E', 'E', 'E', 'E', 'E', 'E', 'E', 'E', 'E', 'E', 'E', 'E', 'E', 'E', 'E'),
	(358, 3, '', '', '24', '', '', '', '24', '', '', '', '24', '', '', '', '24', '', '', '', '24', '', '', '', '24', '', '', '', '24', '', '', '24', ''),
	(359, 3, '', '', '', '24', '', ' ', '', '24', '', '', '', '24', '', '', '', '24', '', '', '', '', '', '', '', '24', '', '', '', '24', '', '', '24'),
	(360, 3, 'P', 'P', 'P', 'P', '24', '', '', '', '24', '', '', '', '24', '', '', '', '24', '', '', '', '24', '', '', '', '24', '', '', '', '', '', ''),
	(361, 3, '24', '', '', '', '24', '', '', '', '24', '', '', '', '24', '', '', '', '24', '', '', '', '24', '', '', '', '24', '', '', '', '', '', ''),
	(362, 3, '', '24', '', '', '', '24', '', '', '', '24', '', '', '', '24', '', '', '', '24', '', '', '', '24', '', '', '', '24', '', '', '24', '', ''),
	(363, 3, '', '', '', '', '', '', '', '24', '', '', '', '24', '', '', '', '24', '', '', '', '24', '', '', '', '24', '', '', '', '24', '', '', '24'),
	(343, 4, '8', '', '', '24', '', '', '', '24', '', '', '', '', '', '24', '', '', '', '24', '', '', '', '', '', '', '', '', '', '', '', '', ''),
	(344, 4, '', '', '24', '', '', '', '24', '', '', '', '', '', '', '', '24', '', '', '', '24', '', '', '', '24', '', '', '', '24', '', '', '24', ''),
	(345, 4, '', '', '24', '', '', '', '24', '', '', '', '24', '', '', '', '', '', '', '', '24', '', '', '', '24', '', '', '', '24', '', '', '24', ''),
	(346, 4, '24', '', '', '', '24', '', '', '', '24', '', '', '', '24', '', '', '', '24', '', '', '', '24', '', '', '', '24', '', '', '', '', '', ''),
	(347, 4, 'P', 'P', 'P', 'P', '24', '', '', '', '24', '', '', '', '24', '', '', '', '24', '', '', '', '24', '', '', '', '24', '', '', '', '', '', ''),
	(348, 4, '24', '', '', '', '24', '', '', '', '24', '', '', '', '24', '', '', '', '24', '', '', '', '24', '', '', '', '24', '', '', '', '', '', ''),
	(349, 4, '', '24', '', '', '', '24', '', '', '', '24', '', '', '', '24', '', '', '', '24', '', '', '', '24', '', '', '', '24', '', '', '24', '', ''),
	(350, 4, '8', '', '', '24', '', '', 'E', 'E', 'E', 'E', 'E', 'E', 'E', 'E', 'E', 'E', 'E', 'E', 'E', 'E', 'E', 'E', 'E', 'E', 'E', 'E', 'E', 'E', 'E', 'E', ''),
	(351, 4, 'P', 'P', 'P', 'P', 'P', '', '', '', '', '', '', '24', '', '', '', '24', '', '', '', '24', '', '', '', '24', '', '', '', '', '', '', ''),
	(352, 4, '', '', '', '', '', '', '', '24', '', '', '', '24', '', '', '', '24', '', '', '', '24', '', '', '', '24', '', '', '', '24', '', '', ''),
	(353, 4, '8', '', '', '24', '', '', '', '24', '', '', '', '', '', '24', '', '', '', '24', '', '', '', '', '', '', '', '', '', '', '', '', ''),
	(354, 4, '', '', '24', '', '', '', '24', '', '', '', '', '', '', '', '24', '', '', '', '24', '', '', '', '24', '', '', '', '24', '', '', '24', ''),
	(355, 4, '', '', '24', '', '', '', '24', '', '', '', '24', '', '', '', '', '', '', '', '24', '', '', '', '24', '', '', '', '24', '', '', '24', ''),
	(356, 4, '', '', 'LP', '', '', '', '', '', '', '', '24', '', '', '', '24', '', '', '', '24', '', '', '', '24', '', '', '', 'LP', '', '', 'LP', ''),
	(357, 4, 'H', 'H', 'H', 'H', 'H', 'H', 'E', 'E', 'E', 'E', 'E', 'E', 'E', 'E', 'E', 'E', 'E', 'E', 'E', 'E', 'E', 'E', 'E', 'E', 'E', 'E', 'E', 'E', 'E', 'E', ''),
	(358, 4, '', '', '24', '', '', '', '24', '', '', '', '24', '', '', '', '24', '', '', '', '24', '', '', '', '24', '', '', '', '24', '', '', '24', ''),
	(359, 4, '', '', '', '24', '', ' ', '', '24', '', '', '', '24', '', '', '', '24', '', '', '', '', '', '', '', '24', '', '', '', '24', '', '', ''),
	(360, 4, 'P', 'P', 'P', 'P', '24', '', '', '', '24', '', '', '', '24', '', '', '', '24', '', '', '', '24', '', '', '', '24', '', '', '', '', '', ''),
	(361, 4, '24', '', '', '', '24', '', '', '', '24', '', '', '', '24', '', '', '', '24', '', '', '', '24', '', '', '', '24', '', '', '', '', '', ''),
	(362, 4, '', '24', '', '', '', '24', '', '', '', '24', '', '', '', '24', '', '', '', '24', '', '', '', '24', '', '', '', '24', '', '', '24', '', ''),
	(363, 4, '', '', '', '', '', '', '', '24', '', '', '', '24', '', '', '', '24', '', '', '', '24', '', '', '', '24', '', '', '', '24', '', '', '');

INSERT INTO `usercompetence` (`user_id`, `competence_id`) VALUES
	(1, NULL),(346, 6),(347, 7),(348, 12),(349, 18),(350, 7),(353, NULL),(355, 17),(362, 6),(364, NULL),(343, 18),(344, 18),(345, 7),(351, 17),(352, NULL),(354, NULL),(356, NULL),(357, 12),(359, NULL),(360, NULL),(361, 17),(363, NULL),(365, NULL),(366, NULL),(346, 7),(346, 17),(344, 7),(344, 6),(344, 17),(347, 10),(347, 6),(345, 17),(345, 6),(345, 18),
	(348, 14),(348, 6),(348, 7),(349, 6),(349, 7),(350, 14),(350, 6),(350, 5),(350, 18),(351, 6),(351, 5),(355, 9),(355, 6),(361, 6),(361, 7),(361, 18),(349, 12),(357, 6),(357, 18),(347, 12),(347, 18),(362, 11),(362, 14),(362, 18);

INSERT INTO `userrole` (`user_id`, `role_id`) VALUES
	(1, 1),(346, 2),(347, 3),(348, 3),(349, 3),(350, 3),(353, 3),(355, 3),(362, 3),(364, 3),(343, 1),(344, 2),(345, 2),(351, 2),(352, 3),(354, 3),(356, 3),(357, 3),(359, 3),(360, 3),(361, 2);